{
  "RVM_Beal_Tezcatlipoca_Timestamp": "2025-11-14T03:32:41.893831",
  "Beal_Fidelity": 1.0,
  "Beal_Expectation": 2.000000000000002,
  "Top_Probs": [
    0.009581565510182712,
    0.008380995923716241,
    0.008074603082499347,
    0.007062855798264987,
    0.00492135688022365
  ],
  "Qubit_Count": 8,
  "Layers": 8,
  "Sigil": 1429,
  "Entangled_QIPs": [
    "qip7_fractal",
    "qip8_mandelbrot",
    "qip5_grover",
    "qip6_paradox",
    "qip14_zeta"
  ],
  "Tezcatlipoca_Resonance": 1.0
}