{
  "RVM_Zeta_Tezcatlipoca_Timestamp": "2025-11-14T00:22:48.476272",
  "Zeta_Fidelity": 1.0,
  "Zeta_Expectation": 2.0000000000000036,
  "Top_Probs": [
    0.004802564301419371,
    0.00442202603947129,
    0.004496633218292735,
    0.004140335856693857,
    0.004654562847599073
  ],
  "Qubit_Count": 8,
  "Layers": 6,
  "Sigil": 1423,
  "Entangled_QIPs": [
    "qip7_fractal",
    "qip8_mandelbrot",
    "qip5_grover",
    "qip6_paradox"
  ],
  "Tezcatlipoca_Resonance": 1.0
}